date,country/region,province/state,confirmed,recovered,deaths,month,year,day,day_of_week,jenis_day,benua,season
2020-01-22,Indonesia,,0,0.0,0,1,2020,22,2,Workday,Asia,Wet Season
2020-01-23,Indonesia,,0,0.0,0,1,2020,23,3,Workday,Asia,Wet Season
2020-01-24,Indonesia,,0,0.0,0,1,2020,24,4,Workday,Asia,Wet Season
2020-01-25,Indonesia,,0,0.0,0,1,2020,25,5,Weekend,Asia,Wet Season
2020-01-26,Indonesia,,0,0.0,0,1,2020,26,6,Weekend,Asia,Wet Season
2020-01-27,Indonesia,,0,0.0,0,1,2020,27,0,Workday,Asia,Wet Season
2020-01-28,Indonesia,,0,0.0,0,1,2020,28,1,Workday,Asia,Wet Season
2020-01-29,Indonesia,,0,0.0,0,1,2020,29,2,Workday,Asia,Wet Season
2020-01-30,Indonesia,,0,0.0,0,1,2020,30,3,Workday,Asia,Wet Season
2020-01-31,Indonesia,,0,0.0,0,1,2020,31,4,Workday,Asia,Wet Season
2020-02-01,Indonesia,,0,0.0,0,2,2020,1,5,Weekend,Asia,Wet Season
2020-02-02,Indonesia,,0,0.0,0,2,2020,2,6,Weekend,Asia,Wet Season
2020-02-03,Indonesia,,0,0.0,0,2,2020,3,0,Workday,Asia,Wet Season
2020-02-04,Indonesia,,0,0.0,0,2,2020,4,1,Workday,Asia,Wet Season
2020-02-05,Indonesia,,0,0.0,0,2,2020,5,2,Workday,Asia,Wet Season
2020-02-06,Indonesia,,0,0.0,0,2,2020,6,3,Workday,Asia,Wet Season
2020-02-07,Indonesia,,0,0.0,0,2,2020,7,4,Workday,Asia,Wet Season
2020-02-08,Indonesia,,0,0.0,0,2,2020,8,5,Weekend,Asia,Wet Season
2020-02-09,Indonesia,,0,0.0,0,2,2020,9,6,Weekend,Asia,Wet Season
2020-02-10,Indonesia,,0,0.0,0,2,2020,10,0,Workday,Asia,Wet Season
2020-02-11,Indonesia,,0,0.0,0,2,2020,11,1,Workday,Asia,Wet Season
2020-02-12,Indonesia,,0,0.0,0,2,2020,12,2,Workday,Asia,Wet Season
2020-02-13,Indonesia,,0,0.0,0,2,2020,13,3,Workday,Asia,Wet Season
2020-02-14,Indonesia,,0,0.0,0,2,2020,14,4,Workday,Asia,Wet Season
2020-02-15,Indonesia,,0,0.0,0,2,2020,15,5,Weekend,Asia,Wet Season
2020-02-16,Indonesia,,0,0.0,0,2,2020,16,6,Weekend,Asia,Wet Season
2020-02-17,Indonesia,,0,0.0,0,2,2020,17,0,Workday,Asia,Wet Season
2020-02-18,Indonesia,,0,0.0,0,2,2020,18,1,Workday,Asia,Wet Season
2020-02-19,Indonesia,,0,0.0,0,2,2020,19,2,Workday,Asia,Wet Season
2020-02-20,Indonesia,,0,0.0,0,2,2020,20,3,Workday,Asia,Wet Season
2020-02-21,Indonesia,,0,0.0,0,2,2020,21,4,Workday,Asia,Wet Season
2020-02-22,Indonesia,,0,0.0,0,2,2020,22,5,Weekend,Asia,Wet Season
2020-02-23,Indonesia,,0,0.0,0,2,2020,23,6,Weekend,Asia,Wet Season
2020-02-24,Indonesia,,0,0.0,0,2,2020,24,0,Workday,Asia,Wet Season
2020-02-25,Indonesia,,0,0.0,0,2,2020,25,1,Workday,Asia,Wet Season
2020-02-26,Indonesia,,0,0.0,0,2,2020,26,2,Workday,Asia,Wet Season
2020-02-27,Indonesia,,0,0.0,0,2,2020,27,3,Workday,Asia,Wet Season
2020-02-28,Indonesia,,0,0.0,0,2,2020,28,4,Workday,Asia,Wet Season
2020-02-29,Indonesia,,0,0.0,0,2,2020,29,5,Weekend,Asia,Wet Season
2020-03-01,Indonesia,,0,0.0,0,3,2020,1,6,Weekend,Asia,Wet Season
2020-03-02,Indonesia,,2,0.0,0,3,2020,2,0,Workday,Asia,Wet Season
2020-03-03,Indonesia,,2,0.0,0,3,2020,3,1,Workday,Asia,Wet Season
2020-03-04,Indonesia,,2,0.0,0,3,2020,4,2,Workday,Asia,Wet Season
2020-03-05,Indonesia,,2,0.0,0,3,2020,5,3,Workday,Asia,Wet Season
2020-03-06,Indonesia,,4,0.0,0,3,2020,6,4,Workday,Asia,Wet Season
2020-03-07,Indonesia,,4,0.0,0,3,2020,7,5,Weekend,Asia,Wet Season
2020-03-08,Indonesia,,6,0.0,0,3,2020,8,6,Weekend,Asia,Wet Season
2020-03-09,Indonesia,,19,0.0,0,3,2020,9,0,Workday,Asia,Wet Season
2020-03-10,Indonesia,,27,2.0,0,3,2020,10,1,Workday,Asia,Wet Season
2020-03-11,Indonesia,,34,2.0,1,3,2020,11,2,Workday,Asia,Wet Season
2020-03-12,Indonesia,,34,2.0,1,3,2020,12,3,Workday,Asia,Wet Season
2020-03-13,Indonesia,,69,2.0,4,3,2020,13,4,Workday,Asia,Wet Season
2020-03-14,Indonesia,,96,8.0,5,3,2020,14,5,Weekend,Asia,Wet Season
2020-03-15,Indonesia,,117,8.0,5,3,2020,15,6,Weekend,Asia,Wet Season
2020-03-16,Indonesia,,134,8.0,5,3,2020,16,0,Workday,Asia,Wet Season
2020-03-17,Indonesia,,172,8.0,5,3,2020,17,1,Workday,Asia,Wet Season
2020-03-18,Indonesia,,227,11.0,19,3,2020,18,2,Workday,Asia,Wet Season
2020-03-19,Indonesia,,311,11.0,25,3,2020,19,3,Workday,Asia,Wet Season
2020-03-20,Indonesia,,369,15.0,32,3,2020,20,4,Workday,Asia,Wet Season
2020-03-21,Indonesia,,450,15.0,38,3,2020,21,5,Weekend,Asia,Wet Season
2020-03-22,Indonesia,,514,29.0,48,3,2020,22,6,Weekend,Asia,Wet Season
2020-03-23,Indonesia,,579,29.0,49,3,2020,23,0,Workday,Asia,Wet Season
2020-03-24,Indonesia,,686,30.0,55,3,2020,24,1,Workday,Asia,Wet Season
2020-03-25,Indonesia,,790,31.0,58,3,2020,25,2,Workday,Asia,Wet Season
2020-03-26,Indonesia,,893,35.0,78,3,2020,26,3,Workday,Asia,Wet Season
2020-03-27,Indonesia,,1046,46.0,87,3,2020,27,4,Workday,Asia,Wet Season
2020-03-28,Indonesia,,1155,59.0,102,3,2020,28,5,Weekend,Asia,Wet Season
2020-03-29,Indonesia,,1285,64.0,114,3,2020,29,6,Weekend,Asia,Wet Season
2020-03-30,Indonesia,,1414,75.0,122,3,2020,30,0,Workday,Asia,Wet Season
2020-03-31,Indonesia,,1528,81.0,136,3,2020,31,1,Workday,Asia,Wet Season
2020-04-01,Indonesia,,1677,103.0,157,4,2020,1,2,Workday,Asia,Dry Season
2020-04-02,Indonesia,,1790,112.0,170,4,2020,2,3,Workday,Asia,Dry Season
2020-04-03,Indonesia,,1986,134.0,181,4,2020,3,4,Workday,Asia,Dry Season
2020-04-04,Indonesia,,2092,150.0,191,4,2020,4,5,Weekend,Asia,Dry Season
2020-04-05,Indonesia,,2273,164.0,198,4,2020,5,6,Weekend,Asia,Dry Season
2020-04-06,Indonesia,,2491,192.0,209,4,2020,6,0,Workday,Asia,Dry Season
2020-04-07,Indonesia,,2738,204.0,221,4,2020,7,1,Workday,Asia,Dry Season
2020-04-08,Indonesia,,2956,222.0,240,4,2020,8,2,Workday,Asia,Dry Season
2020-04-09,Indonesia,,3293,252.0,280,4,2020,9,3,Workday,Asia,Dry Season
2020-04-10,Indonesia,,3512,282.0,306,4,2020,10,4,Workday,Asia,Dry Season
2020-04-11,Indonesia,,3842,286.0,327,4,2020,11,5,Weekend,Asia,Dry Season
2020-04-12,Indonesia,,4241,359.0,373,4,2020,12,6,Weekend,Asia,Dry Season
2020-04-13,Indonesia,,4557,380.0,399,4,2020,13,0,Workday,Asia,Dry Season
2020-04-14,Indonesia,,4839,426.0,459,4,2020,14,1,Workday,Asia,Dry Season
2020-04-15,Indonesia,,5136,446.0,469,4,2020,15,2,Workday,Asia,Dry Season
2020-04-16,Indonesia,,5516,548.0,496,4,2020,16,3,Workday,Asia,Dry Season
2020-04-17,Indonesia,,5923,607.0,520,4,2020,17,4,Workday,Asia,Dry Season
2020-04-18,Indonesia,,6248,631.0,535,4,2020,18,5,Weekend,Asia,Dry Season
2020-04-19,Indonesia,,6575,686.0,582,4,2020,19,6,Weekend,Asia,Dry Season
2020-04-20,Indonesia,,6760,747.0,590,4,2020,20,0,Workday,Asia,Dry Season
2020-04-21,Indonesia,,7135,842.0,616,4,2020,21,1,Workday,Asia,Dry Season
2020-04-22,Indonesia,,7418,913.0,635,4,2020,22,2,Workday,Asia,Dry Season
2020-04-23,Indonesia,,7775,960.0,647,4,2020,23,3,Workday,Asia,Dry Season
2020-04-24,Indonesia,,8211,1002.0,689,4,2020,24,4,Workday,Asia,Dry Season
2020-04-25,Indonesia,,8607,1042.0,720,4,2020,25,5,Weekend,Asia,Dry Season
2020-04-26,Indonesia,,8882,1107.0,743,4,2020,26,6,Weekend,Asia,Dry Season
2020-04-27,Indonesia,,9096,1151.0,765,4,2020,27,0,Workday,Asia,Dry Season
2020-04-28,Indonesia,,9511,1254.0,773,4,2020,28,1,Workday,Asia,Dry Season
2020-04-29,Indonesia,,9771,1391.0,784,4,2020,29,2,Workday,Asia,Dry Season
2020-04-30,Indonesia,,10118,1522.0,792,4,2020,30,3,Workday,Asia,Dry Season
2020-05-01,Indonesia,,10551,1591.0,800,5,2020,1,4,Workday,Asia,Dry Season
2020-05-02,Indonesia,,10843,1665.0,831,5,2020,2,5,Weekend,Asia,Dry Season
2020-05-03,Indonesia,,11192,1876.0,845,5,2020,3,6,Weekend,Asia,Dry Season
2020-05-04,Indonesia,,11587,1954.0,864,5,2020,4,0,Workday,Asia,Dry Season
2020-05-05,Indonesia,,12071,2197.0,872,5,2020,5,1,Workday,Asia,Dry Season
2020-05-06,Indonesia,,12438,2317.0,895,5,2020,6,2,Workday,Asia,Dry Season
2020-05-07,Indonesia,,12776,2381.0,930,5,2020,7,3,Workday,Asia,Dry Season
2020-05-08,Indonesia,,13112,2494.0,943,5,2020,8,4,Workday,Asia,Dry Season
2020-05-09,Indonesia,,13645,2607.0,959,5,2020,9,5,Weekend,Asia,Dry Season
2020-05-10,Indonesia,,14032,2698.0,973,5,2020,10,6,Weekend,Asia,Dry Season
2020-05-11,Indonesia,,14265,2881.0,991,5,2020,11,0,Workday,Asia,Dry Season
2020-05-12,Indonesia,,14749,3063.0,1007,5,2020,12,1,Workday,Asia,Dry Season
2020-05-13,Indonesia,,15438,3287.0,1028,5,2020,13,2,Workday,Asia,Dry Season
2020-05-14,Indonesia,,16006,3518.0,1043,5,2020,14,3,Workday,Asia,Dry Season
2020-05-15,Indonesia,,16496,3803.0,1076,5,2020,15,4,Workday,Asia,Dry Season
2020-05-16,Indonesia,,17025,3911.0,1089,5,2020,16,5,Weekend,Asia,Dry Season
2020-05-17,Indonesia,,17514,4129.0,1148,5,2020,17,6,Weekend,Asia,Dry Season
2020-05-18,Indonesia,,18010,4324.0,1191,5,2020,18,0,Workday,Asia,Dry Season
2020-05-19,Indonesia,,18496,4467.0,1221,5,2020,19,1,Workday,Asia,Dry Season
2020-05-20,Indonesia,,19189,4575.0,1242,5,2020,20,2,Workday,Asia,Dry Season
2020-05-21,Indonesia,,20162,4838.0,1278,5,2020,21,3,Workday,Asia,Dry Season
2020-05-22,Indonesia,,20796,5057.0,1326,5,2020,22,4,Workday,Asia,Dry Season
2020-05-23,Indonesia,,21745,5249.0,1351,5,2020,23,5,Weekend,Asia,Dry Season
2020-05-24,Indonesia,,22271,5402.0,1372,5,2020,24,6,Weekend,Asia,Dry Season
2020-05-25,Indonesia,,22750,5642.0,1391,5,2020,25,0,Workday,Asia,Dry Season
2020-05-26,Indonesia,,23165,5877.0,1418,5,2020,26,1,Workday,Asia,Dry Season
2020-05-27,Indonesia,,23851,6057.0,1473,5,2020,27,2,Workday,Asia,Dry Season
2020-05-28,Indonesia,,24538,6240.0,1496,5,2020,28,3,Workday,Asia,Dry Season
2020-05-29,Indonesia,,25216,6492.0,1520,5,2020,29,4,Workday,Asia,Dry Season
2020-05-30,Indonesia,,25773,7015.0,1573,5,2020,30,5,Weekend,Asia,Dry Season
2020-05-31,Indonesia,,26473,7308.0,1613,5,2020,31,6,Weekend,Asia,Dry Season
2020-06-01,Indonesia,,26940,7637.0,1641,6,2020,1,0,Workday,Asia,Dry Season
2020-06-02,Indonesia,,27549,7935.0,1663,6,2020,2,1,Workday,Asia,Dry Season
2020-06-03,Indonesia,,28233,8406.0,1698,6,2020,3,2,Workday,Asia,Dry Season
2020-06-04,Indonesia,,28818,8892.0,1721,6,2020,4,3,Workday,Asia,Dry Season
2020-06-05,Indonesia,,29521,9443.0,1770,6,2020,5,4,Workday,Asia,Dry Season
2020-06-06,Indonesia,,30514,9907.0,1801,6,2020,6,5,Weekend,Asia,Dry Season
2020-06-07,Indonesia,,31186,10498.0,1851,6,2020,7,6,Weekend,Asia,Dry Season
2020-06-08,Indonesia,,32033,10904.0,1883,6,2020,8,0,Workday,Asia,Dry Season
2020-06-09,Indonesia,,33076,11414.0,1923,6,2020,9,1,Workday,Asia,Dry Season
2020-06-10,Indonesia,,34316,12129.0,1959,6,2020,10,2,Workday,Asia,Dry Season
2020-06-11,Indonesia,,35295,12636.0,2000,6,2020,11,3,Workday,Asia,Dry Season
2020-06-12,Indonesia,,36406,13213.0,2048,6,2020,12,4,Workday,Asia,Dry Season
2020-06-13,Indonesia,,37420,13776.0,2091,6,2020,13,5,Weekend,Asia,Dry Season
2020-06-14,Indonesia,,38277,14531.0,2134,6,2020,14,6,Weekend,Asia,Dry Season
2020-06-15,Indonesia,,39294,15123.0,2198,6,2020,15,0,Workday,Asia,Dry Season
2020-06-16,Indonesia,,40400,15703.0,2231,6,2020,16,1,Workday,Asia,Dry Season
2020-06-17,Indonesia,,41431,16243.0,2276,6,2020,17,2,Workday,Asia,Dry Season
2020-06-18,Indonesia,,42762,16798.0,2339,6,2020,18,3,Workday,Asia,Dry Season
2020-06-19,Indonesia,,43803,17349.0,2373,6,2020,19,4,Workday,Asia,Dry Season
2020-06-20,Indonesia,,45029,17883.0,2429,6,2020,20,5,Weekend,Asia,Dry Season
2020-06-21,Indonesia,,45891,18404.0,2465,6,2020,21,6,Weekend,Asia,Dry Season
2020-06-22,Indonesia,,46845,18735.0,2500,6,2020,22,0,Workday,Asia,Dry Season
2020-06-23,Indonesia,,47896,19241.0,2535,6,2020,23,1,Workday,Asia,Dry Season
2020-06-24,Indonesia,,49009,19658.0,2573,6,2020,24,2,Workday,Asia,Dry Season
2020-06-25,Indonesia,,50187,20449.0,2620,6,2020,25,3,Workday,Asia,Dry Season
2020-06-26,Indonesia,,51427,21333.0,2683,6,2020,26,4,Workday,Asia,Dry Season
2020-06-27,Indonesia,,52812,21909.0,2720,6,2020,27,5,Weekend,Asia,Dry Season
2020-06-28,Indonesia,,54010,22936.0,2754,6,2020,28,6,Weekend,Asia,Dry Season
2020-06-29,Indonesia,,55092,23800.0,2805,6,2020,29,0,Workday,Asia,Dry Season
2020-06-30,Indonesia,,56385,24806.0,2876,6,2020,30,1,Workday,Asia,Dry Season
2020-07-01,Indonesia,,57770,25595.0,2934,7,2020,1,2,Workday,Asia,Dry Season
2020-07-02,Indonesia,,59394,26667.0,2987,7,2020,2,3,Workday,Asia,Dry Season
2020-07-03,Indonesia,,60695,27568.0,3036,7,2020,3,4,Workday,Asia,Dry Season
2020-07-04,Indonesia,,62142,28219.0,3089,7,2020,4,5,Weekend,Asia,Dry Season
2020-07-05,Indonesia,,63749,29105.0,3171,7,2020,5,6,Weekend,Asia,Dry Season
2020-07-06,Indonesia,,64958,29919.0,3241,7,2020,6,0,Workday,Asia,Dry Season
2020-07-07,Indonesia,,66226,30785.0,3309,7,2020,7,1,Workday,Asia,Dry Season
2020-07-08,Indonesia,,68079,31585.0,3359,7,2020,8,2,Workday,Asia,Dry Season
2020-07-09,Indonesia,,70736,32651.0,3417,7,2020,9,3,Workday,Asia,Dry Season
2020-07-10,Indonesia,,72347,33529.0,3469,7,2020,10,4,Workday,Asia,Dry Season
2020-07-11,Indonesia,,74018,34719.0,3535,7,2020,11,5,Weekend,Asia,Dry Season
2020-07-12,Indonesia,,75699,35638.0,3606,7,2020,12,6,Weekend,Asia,Dry Season
2020-07-13,Indonesia,,76981,36689.0,3656,7,2020,13,0,Workday,Asia,Dry Season
2020-07-14,Indonesia,,78572,37636.0,3710,7,2020,14,1,Workday,Asia,Dry Season
2020-07-15,Indonesia,,80094,39050.0,3797,7,2020,15,2,Workday,Asia,Dry Season
2020-07-16,Indonesia,,81668,40345.0,3873,7,2020,16,3,Workday,Asia,Dry Season
2020-07-17,Indonesia,,83130,41834.0,3957,7,2020,17,4,Workday,Asia,Dry Season
2020-07-18,Indonesia,,84882,43268.0,4016,7,2020,18,5,Weekend,Asia,Dry Season
2020-07-19,Indonesia,,86521,45401.0,4143,7,2020,19,6,Weekend,Asia,Dry Season
2020-07-20,Indonesia,,88214,46977.0,4239,7,2020,20,0,Workday,Asia,Dry Season
2020-07-21,Indonesia,,89869,48466.0,4320,7,2020,21,1,Workday,Asia,Dry Season
2020-07-22,Indonesia,,91751,50255.0,4459,7,2020,22,2,Workday,Asia,Dry Season
2020-07-23,Indonesia,,93657,52164.0,4576,7,2020,23,3,Workday,Asia,Dry Season
2020-07-24,Indonesia,,95418,53945.0,4665,7,2020,24,4,Workday,Asia,Dry Season
2020-07-25,Indonesia,,97286,55354.0,4714,7,2020,25,5,Weekend,Asia,Dry Season
2020-07-26,Indonesia,,98778,56655.0,4781,7,2020,26,6,Weekend,Asia,Dry Season
2020-07-27,Indonesia,,100303,58173.0,4838,7,2020,27,0,Workday,Asia,Dry Season
2020-07-28,Indonesia,,102051,60539.0,4901,7,2020,28,1,Workday,Asia,Dry Season
2020-07-29,Indonesia,,104432,62138.0,4975,7,2020,29,2,Workday,Asia,Dry Season
2020-07-30,Indonesia,,106336,64292.0,5058,7,2020,30,3,Workday,Asia,Dry Season
2020-07-31,Indonesia,,108376,65907.0,5131,7,2020,31,4,Workday,Asia,Dry Season
2020-08-01,Indonesia,,109936,67919.0,5193,8,2020,1,5,Weekend,Asia,Dry Season
2020-08-02,Indonesia,,111455,68975.0,5236,8,2020,2,6,Weekend,Asia,Dry Season
2020-08-03,Indonesia,,113134,70237.0,5302,8,2020,3,0,Workday,Asia,Dry Season
2020-08-04,Indonesia,,115056,72050.0,5388,8,2020,4,1,Workday,Asia,Dry Season
2020-08-05,Indonesia,,116871,73889.0,5452,8,2020,5,2,Workday,Asia,Dry Season
2020-08-06,Indonesia,,118753,75645.0,5521,8,2020,6,3,Workday,Asia,Dry Season
2020-08-07,Indonesia,,121226,77557.0,5593,8,2020,7,4,Workday,Asia,Dry Season
2020-08-08,Indonesia,,123503,79306.0,5658,8,2020,8,5,Weekend,Asia,Dry Season
2020-08-09,Indonesia,,125396,80952.0,5723,8,2020,9,6,Weekend,Asia,Dry Season
2020-08-10,Indonesia,,127083,82236.0,5765,8,2020,10,0,Workday,Asia,Dry Season
2020-08-11,Indonesia,,128776,83710.0,5824,8,2020,11,1,Workday,Asia,Dry Season
2020-08-12,Indonesia,,130718,85798.0,5903,8,2020,12,2,Workday,Asia,Dry Season
2020-08-13,Indonesia,,132816,87558.0,5968,8,2020,13,3,Workday,Asia,Dry Season
2020-08-14,Indonesia,,135123,89618.0,6021,8,2020,14,4,Workday,Asia,Dry Season
2020-08-15,Indonesia,,137468,91321.0,6071,8,2020,15,5,Weekend,Asia,Dry Season
2020-08-16,Indonesia,,139549,93103.0,6150,8,2020,16,6,Weekend,Asia,Dry Season
2020-08-17,Indonesia,,141370,94458.0,6207,8,2020,17,0,Workday,Asia,Dry Season
2020-08-18,Indonesia,,143043,96306.0,6277,8,2020,18,1,Workday,Asia,Dry Season
2020-08-19,Indonesia,,144945,98657.0,6346,8,2020,19,2,Workday,Asia,Dry Season
2020-08-20,Indonesia,,147211,100674.0,6418,8,2020,20,3,Workday,Asia,Dry Season
2020-08-21,Indonesia,,149408,102991.0,6500,8,2020,21,4,Workday,Asia,Dry Season
2020-08-22,Indonesia,,151498,105198.0,6594,8,2020,22,5,Weekend,Asia,Dry Season
2020-08-23,Indonesia,,153535,107500.0,6680,8,2020,23,6,Weekend,Asia,Dry Season
2020-08-24,Indonesia,,155412,111060.0,6759,8,2020,24,0,Workday,Asia,Dry Season
2020-08-25,Indonesia,,157859,112867.0,6858,8,2020,25,1,Workday,Asia,Dry Season
2020-08-26,Indonesia,,160165,115409.0,6944,8,2020,26,2,Workday,Asia,Dry Season
2020-08-27,Indonesia,,162884,118575.0,7064,8,2020,27,3,Workday,Asia,Dry Season
2020-08-28,Indonesia,,165887,120900.0,7169,8,2020,28,4,Workday,Asia,Dry Season
2020-08-29,Indonesia,,169195,122802.0,7261,8,2020,29,5,Weekend,Asia,Dry Season
2020-08-30,Indonesia,,172053,124185.0,7343,8,2020,30,6,Weekend,Asia,Dry Season
2020-08-31,Indonesia,,174796,125959.0,7417,8,2020,31,0,Workday,Asia,Dry Season
2020-09-01,Indonesia,,177571,128057.0,7505,9,2020,1,1,Workday,Asia,Dry Season
2020-09-02,Indonesia,,180646,129971.0,7616,9,2020,2,2,Workday,Asia,Dry Season
2020-09-03,Indonesia,,184268,132055.0,7750,9,2020,3,3,Workday,Asia,Dry Season
2020-09-04,Indonesia,,187537,134181.0,7832,9,2020,4,4,Workday,Asia,Dry Season
2020-09-05,Indonesia,,190665,136401.0,7940,9,2020,5,5,Weekend,Asia,Dry Season
2020-09-06,Indonesia,,194109,138575.0,8025,9,2020,6,6,Weekend,Asia,Dry Season
2020-09-07,Indonesia,,196989,140652.0,8130,9,2020,7,0,Workday,Asia,Dry Season
2020-09-08,Indonesia,,200035,142958.0,8230,9,2020,8,1,Workday,Asia,Dry Season
2020-09-09,Indonesia,,203342,145200.0,8336,9,2020,9,2,Workday,Asia,Dry Season
2020-09-10,Indonesia,,207203,147510.0,8456,9,2020,10,3,Workday,Asia,Dry Season
2020-09-11,Indonesia,,210940,150217.0,8544,9,2020,11,4,Workday,Asia,Dry Season
2020-09-12,Indonesia,,214746,152458.0,8650,9,2020,12,5,Weekend,Asia,Dry Season
2020-09-13,Indonesia,,218382,155010.0,8723,9,2020,13,6,Weekend,Asia,Dry Season
2020-09-14,Indonesia,,221523,158405.0,8841,9,2020,14,0,Workday,Asia,Dry Season
2020-09-15,Indonesia,,225030,161065.0,8965,9,2020,15,1,Workday,Asia,Dry Season
2020-09-16,Indonesia,,228993,164101.0,9100,9,2020,16,2,Workday,Asia,Dry Season
2020-09-17,Indonesia,,232628,166686.0,9222,9,2020,17,3,Workday,Asia,Dry Season
2020-09-18,Indonesia,,236519,170774.0,9336,9,2020,18,4,Workday,Asia,Dry Season
2020-09-19,Indonesia,,240687,174350.0,9448,9,2020,19,5,Weekend,Asia,Dry Season
2020-09-20,Indonesia,,244676,177327.0,9553,9,2020,20,6,Weekend,Asia,Dry Season
2020-09-21,Indonesia,,248852,180797.0,9677,9,2020,21,0,Workday,Asia,Dry Season
2020-09-22,Indonesia,,252923,184298.0,9837,9,2020,22,1,Workday,Asia,Dry Season
2020-09-23,Indonesia,,257388,187958.0,9977,9,2020,23,2,Workday,Asia,Dry Season
2020-09-24,Indonesia,,262022,191853.0,10105,9,2020,24,3,Workday,Asia,Dry Season
2020-09-25,Indonesia,,266845,196196.0,10218,9,2020,25,4,Workday,Asia,Dry Season
2020-09-26,Indonesia,,271339,199403.0,10308,9,2020,26,5,Weekend,Asia,Dry Season
2020-09-27,Indonesia,,275213,203014.0,10386,9,2020,27,6,Weekend,Asia,Dry Season
2020-09-28,Indonesia,,278722,206870.0,10473,9,2020,28,0,Workday,Asia,Dry Season
2020-09-29,Indonesia,,282724,210437.0,10601,9,2020,29,1,Workday,Asia,Dry Season
2020-09-30,Indonesia,,287008,214947.0,10740,9,2020,30,2,Workday,Asia,Dry Season
2020-10-01,Indonesia,,291182,218487.0,10856,10,2020,1,3,Workday,Asia,Wet Season
2020-10-02,Indonesia,,295499,221340.0,10972,10,2020,2,4,Workday,Asia,Wet Season
2020-10-03,Indonesia,,299506,225052.0,11055,10,2020,3,5,Weekend,Asia,Wet Season
2020-10-04,Indonesia,,303498,228453.0,11151,10,2020,4,6,Weekend,Asia,Wet Season
2020-10-05,Indonesia,,307120,232593.0,11253,10,2020,5,0,Workday,Asia,Wet Season
2020-10-06,Indonesia,,311176,236437.0,11374,10,2020,6,1,Workday,Asia,Wet Season
2020-10-07,Indonesia,,315714,240291.0,11472,10,2020,7,2,Workday,Asia,Wet Season
2020-10-08,Indonesia,,320564,244060.0,11580,10,2020,8,3,Workday,Asia,Wet Season
2020-10-09,Indonesia,,324658,247667.0,11677,10,2020,9,4,Workday,Asia,Wet Season
2020-10-10,Indonesia,,328952,251481.0,11765,10,2020,10,5,Weekend,Asia,Wet Season
2020-10-11,Indonesia,,333449,255027.0,11844,10,2020,11,6,Weekend,Asia,Wet Season
2020-10-12,Indonesia,,336716,258519.0,11935,10,2020,12,0,Workday,Asia,Wet Season
2020-10-13,Indonesia,,340622,263296.0,12027,10,2020,13,1,Workday,Asia,Wet Season
2020-10-14,Indonesia,,344749,267851.0,12156,10,2020,14,2,Workday,Asia,Wet Season
2020-10-15,Indonesia,,349160,273661.0,12268,10,2020,15,3,Workday,Asia,Wet Season
2020-10-16,Indonesia,,353461,277544.0,12347,10,2020,16,4,Workday,Asia,Wet Season
2020-10-17,Indonesia,,357762,281592.0,12431,10,2020,17,5,Weekend,Asia,Wet Season
2020-10-18,Indonesia,,361867,285324.0,12511,10,2020,18,6,Weekend,Asia,Wet Season
2020-10-19,Indonesia,,365240,289243.0,12617,10,2020,19,0,Workday,Asia,Wet Season
2020-10-20,Indonesia,,368842,293653.0,12734,10,2020,20,1,Workday,Asia,Wet Season
2020-10-21,Indonesia,,373109,297509.0,12857,10,2020,21,2,Workday,Asia,Wet Season
2020-10-22,Indonesia,,377541,301006.0,12959,10,2020,22,3,Workday,Asia,Wet Season
2020-10-23,Indonesia,,381910,305100.0,13077,10,2020,23,4,Workday,Asia,Wet Season
2020-10-24,Indonesia,,385980,309219.0,13205,10,2020,24,5,Weekend,Asia,Wet Season
2020-10-25,Indonesia,,389712,313764.0,13299,10,2020,25,6,Weekend,Asia,Wet Season
2020-10-26,Indonesia,,392934,317672.0,13411,10,2020,26,0,Workday,Asia,Wet Season
2020-10-27,Indonesia,,396454,322248.0,13512,10,2020,27,1,Workday,Asia,Wet Season
2020-10-28,Indonesia,,400483,325793.0,13612,10,2020,28,2,Workday,Asia,Wet Season
2020-10-29,Indonesia,,404048,329778.0,13701,10,2020,29,3,Workday,Asia,Wet Season
2020-10-30,Indonesia,,406945,334295.0,13782,10,2020,30,4,Workday,Asia,Wet Season
2020-10-31,Indonesia,,410088,337801.0,13869,10,2020,31,5,Weekend,Asia,Wet Season
2020-11-01,Indonesia,,412784,341942.0,13943,11,2020,1,6,Weekend,Asia,Wet Season
2020-11-02,Indonesia,,415402,345566.0,14044,11,2020,2,0,Workday,Asia,Wet Season
2020-11-03,Indonesia,,418375,349497.0,14146,11,2020,3,1,Workday,Asia,Wet Season
2020-11-04,Indonesia,,421731,353282.0,14259,11,2020,4,2,Workday,Asia,Wet Season
2020-11-05,Indonesia,,425796,357142.0,14348,11,2020,5,3,Workday,Asia,Wet Season
2020-11-06,Indonesia,,429574,360705.0,14442,11,2020,6,4,Workday,Asia,Wet Season
2020-11-07,Indonesia,,433836,364417.0,14540,11,2020,7,5,Weekend,Asia,Wet Season
2020-11-08,Indonesia,,437716,368298.0,14614,11,2020,8,6,Weekend,Asia,Wet Season
2020-11-09,Indonesia,,440569,372266.0,14689,11,2020,9,0,Workday,Asia,Wet Season
2020-11-10,Indonesia,,444348,375741.0,14761,11,2020,10,1,Workday,Asia,Wet Season
2020-11-11,Indonesia,,448118,378982.0,14836,11,2020,11,2,Workday,Asia,Wet Season
2020-11-12,Indonesia,,452291,382084.0,14933,11,2020,12,3,Workday,Asia,Wet Season
2020-11-13,Indonesia,,457735,385094.0,15037,11,2020,13,4,Workday,Asia,Wet Season
2020-11-14,Indonesia,,463007,388094.0,15148,11,2020,14,5,Weekend,Asia,Wet Season
2020-11-15,Indonesia,,467113,391991.0,15211,11,2020,15,6,Weekend,Asia,Wet Season
2020-11-16,Indonesia,,470648,395443.0,15296,11,2020,16,0,Workday,Asia,Wet Season
2020-11-17,Indonesia,,474455,398636.0,15393,11,2020,17,1,Workday,Asia,Wet Season
2020-11-18,Indonesia,,478720,402347.0,15503,11,2020,18,2,Workday,Asia,Wet Season
2020-11-19,Indonesia,,483518,406612.0,15600,11,2020,19,3,Workday,Asia,Wet Season
2020-11-20,Indonesia,,488310,410552.0,15678,11,2020,20,4,Workday,Asia,Wet Season
2020-11-21,Indonesia,,493308,413955.0,15774,11,2020,21,5,Weekend,Asia,Wet Season
2020-11-22,Indonesia,,497668,418188.0,15884,11,2020,22,6,Weekend,Asia,Wet Season
2020-11-23,Indonesia,,502110,422386.0,16002,11,2020,23,0,Workday,Asia,Wet Season
2020-11-24,Indonesia,,506302,425313.0,16111,11,2020,24,1,Workday,Asia,Wet Season
2020-11-25,Indonesia,,511836,429807.0,16225,11,2020,25,2,Workday,Asia,Wet Season
2020-11-26,Indonesia,,516753,433649.0,16352,11,2020,26,3,Workday,Asia,Wet Season
2020-11-27,Indonesia,,522581,437456.0,16521,11,2020,27,4,Workday,Asia,Wet Season
2020-11-28,Indonesia,,527999,441983.0,16646,11,2020,28,5,Weekend,Asia,Wet Season
2020-11-29,Indonesia,,534266,445793.0,16815,11,2020,29,6,Weekend,Asia,Wet Season
2020-11-30,Indonesia,,538883,450518.0,16945,11,2020,30,0,Workday,Asia,Wet Season
2020-12-01,Indonesia,,543975,454879.0,17081,12,2020,1,1,Workday,Asia,Wet Season
2020-12-02,Indonesia,,549508,458880.0,17199,12,2020,2,2,Workday,Asia,Wet Season
2020-12-03,Indonesia,,557877,462553.0,17355,12,2020,3,3,Workday,Asia,Wet Season
2020-12-04,Indonesia,,563680,466178.0,17479,12,2020,4,4,Workday,Asia,Wet Season
2020-12-05,Indonesia,,569707,470449.0,17589,12,2020,5,5,Weekend,Asia,Wet Season
2020-12-06,Indonesia,,575796,474771.0,17740,12,2020,6,6,Weekend,Asia,Wet Season
2020-12-07,Indonesia,,581550,479202.0,17867,12,2020,7,0,Workday,Asia,Wet Season
2020-12-08,Indonesia,,586842,483497.0,18000,12,2020,8,1,Workday,Asia,Wet Season
2020-12-09,Indonesia,,592900,487445.0,18171,12,2020,9,2,Workday,Asia,Wet Season
2020-12-10,Indonesia,,598933,491975.0,18336,12,2020,10,3,Workday,Asia,Wet Season
2020-12-11,Indonesia,,605243,496886.0,18511,12,2020,11,4,Workday,Asia,Wet Season
2020-12-12,Indonesia,,611631,501376.0,18653,12,2020,12,5,Weekend,Asia,Wet Season
2020-12-13,Indonesia,,617820,505836.0,18819,12,2020,13,6,Weekend,Asia,Wet Season
2020-12-14,Indonesia,,623309,510957.0,18956,12,2020,14,0,Workday,Asia,Wet Season
2020-12-15,Indonesia,,629429,516656.0,19111,12,2020,15,1,Workday,Asia,Wet Season
2020-12-16,Indonesia,,636154,521984.0,19248,12,2020,16,2,Workday,Asia,Wet Season
2020-12-17,Indonesia,,643508,526979.0,19390,12,2020,17,3,Workday,Asia,Wet Season
2020-12-18,Indonesia,,650197,531995.0,19514,12,2020,18,4,Workday,Asia,Wet Season
2020-12-19,Indonesia,,657948,536260.0,19659,12,2020,19,5,Weekend,Asia,Wet Season
2020-12-20,Indonesia,,664930,541811.0,19880,12,2020,20,6,Weekend,Asia,Wet Season
2020-12-21,Indonesia,,671778,546884.0,20085,12,2020,21,0,Workday,Asia,Wet Season
2020-12-22,Indonesia,,678125,552722.0,20257,12,2020,22,1,Workday,Asia,Wet Season
2020-12-23,Indonesia,,685639,558703.0,20408,12,2020,23,2,Workday,Asia,Wet Season
2020-12-24,Indonesia,,692838,563980.0,20589,12,2020,24,3,Workday,Asia,Wet Season
2020-12-25,Indonesia,,700097,570304.0,20847,12,2020,25,4,Workday,Asia,Wet Season
2020-12-26,Indonesia,,706837,576693.0,20994,12,2020,26,5,Weekend,Asia,Wet Season
2020-12-27,Indonesia,,713365,583676.0,21237,12,2020,27,6,Weekend,Asia,Wet Season
2020-12-28,Indonesia,,719219,589978.0,21452,12,2020,28,0,Workday,Asia,Wet Season
2020-12-29,Indonesia,,727122,596783.0,21703,12,2020,29,1,Workday,Asia,Wet Season
2020-12-30,Indonesia,,735124,603741.0,21944,12,2020,30,2,Workday,Asia,Wet Season
2020-12-31,Indonesia,,743198,611097.0,22138,12,2020,31,3,Workday,Asia,Wet Season
2021-01-01,Indonesia,,751270,617936.0,22329,1,2021,1,4,Workday,Asia,Wet Season
2021-01-02,Indonesia,,758473,625518.0,22555,1,2021,2,5,Weekend,Asia,Wet Season
2021-01-03,Indonesia,,765350,631937.0,22734,1,2021,3,6,Weekend,Asia,Wet Season
2021-01-04,Indonesia,,772103,639103.0,22911,1,2021,4,0,Workday,Asia,Wet Season
2021-01-05,Indonesia,,779548,645746.0,23109,1,2021,5,1,Workday,Asia,Wet Season
2021-01-06,Indonesia,,788402,652513.0,23296,1,2021,6,2,Workday,Asia,Wet Season
2021-01-07,Indonesia,,797723,659437.0,23520,1,2021,7,3,Workday,Asia,Wet Season
2021-01-08,Indonesia,,808340,666883.0,23753,1,2021,8,4,Workday,Asia,Wet Season
2021-01-09,Indonesia,,818386,673511.0,23947,1,2021,9,5,Weekend,Asia,Wet Season
2021-01-10,Indonesia,,828026,681024.0,24129,1,2021,10,6,Weekend,Asia,Wet Season
2021-01-11,Indonesia,,836718,688739.0,24343,1,2021,11,0,Workday,Asia,Wet Season
2021-01-12,Indonesia,,846765,695807.0,24645,1,2021,12,1,Workday,Asia,Wet Season
2021-01-13,Indonesia,,858043,703464.0,24951,1,2021,13,2,Workday,Asia,Wet Season
2021-01-14,Indonesia,,869600,711205.0,25246,1,2021,14,3,Workday,Asia,Wet Season
2021-01-15,Indonesia,,882418,718696.0,25484,1,2021,15,4,Workday,Asia,Wet Season
2021-01-16,Indonesia,,896642,727358.0,25767,1,2021,16,5,Weekend,Asia,Wet Season
2021-01-17,Indonesia,,907929,736460.0,25987,1,2021,17,6,Weekend,Asia,Wet Season
2021-01-18,Indonesia,,917015,745935.0,26282,1,2021,18,0,Workday,Asia,Wet Season
2021-01-19,Indonesia,,927380,753948.0,26590,1,2021,19,1,Workday,Asia,Wet Season
2021-01-20,Indonesia,,939948,763703.0,26857,1,2021,20,2,Workday,Asia,Wet Season
2021-01-21,Indonesia,,951651,772790.0,27203,1,2021,21,3,Workday,Asia,Wet Season
2021-01-22,Indonesia,,965283,781147.0,27453,1,2021,22,4,Workday,Asia,Wet Season
2021-01-23,Indonesia,,977474,791059.0,27664,1,2021,23,5,Weekend,Asia,Wet Season
2021-01-24,Indonesia,,989262,798810.0,27835,1,2021,24,6,Weekend,Asia,Wet Season
2021-01-25,Indonesia,,999256,809488.0,28132,1,2021,25,0,Workday,Asia,Wet Season
2021-01-26,Indonesia,,1012350,820356.0,28468,1,2021,26,1,Workday,Asia,Wet Season
2021-01-27,Indonesia,,1024298,831330.0,28855,1,2021,27,2,Workday,Asia,Wet Season
2021-01-28,Indonesia,,1037993,842122.0,29331,1,2021,28,3,Workday,Asia,Wet Season
2021-01-29,Indonesia,,1051795,852260.0,29518,1,2021,29,4,Workday,Asia,Wet Season
2021-01-30,Indonesia,,1066313,862502.0,29728,1,2021,30,5,Weekend,Asia,Wet Season
2021-01-31,Indonesia,,1078314,873221.0,29998,1,2021,31,6,Weekend,Asia,Wet Season
2021-02-01,Indonesia,,1089308,883682.0,30277,2,2021,1,0,Workday,Asia,Wet Season
2021-02-02,Indonesia,,1099687,896530.0,30581,2,2021,2,1,Workday,Asia,Wet Season
2021-02-03,Indonesia,,1111671,905665.0,30770,2,2021,3,2,Workday,Asia,Wet Season
2021-02-04,Indonesia,,1123105,917306.0,31001,2,2021,4,3,Workday,Asia,Wet Season
2021-02-05,Indonesia,,1134854,926980.0,31202,2,2021,5,4,Workday,Asia,Wet Season
2021-02-06,Indonesia,,1147010,939184.0,31393,2,2021,6,5,Weekend,Asia,Wet Season
2021-02-07,Indonesia,,1157837,949990.0,31556,2,2021,7,6,Weekend,Asia,Wet Season
2021-02-08,Indonesia,,1166079,963028.0,31763,2,2021,8,0,Workday,Asia,Wet Season
2021-02-09,Indonesia,,1174779,973452.0,31976,2,2021,9,1,Workday,Asia,Wet Season
2021-02-10,Indonesia,,1183555,982972.0,32167,2,2021,10,2,Workday,Asia,Wet Season
2021-02-11,Indonesia,,1191990,993117.0,32381,2,2021,11,3,Workday,Asia,Wet Season
2021-02-12,Indonesia,,1201859,1004117.0,32656,2,2021,12,4,Workday,Asia,Wet Season
2021-02-13,Indonesia,,1210703,1016036.0,32936,2,2021,13,5,Weekend,Asia,Wet Season
2021-02-14,Indonesia,,1217468,1025273.0,33183,2,2021,14,6,Weekend,Asia,Wet Season
2021-02-15,Indonesia,,1223930,1032065.0,33367,2,2021,15,0,Workday,Asia,Wet Season
2021-02-16,Indonesia,,1233959,1039674.0,33596,2,2021,16,1,Workday,Asia,Wet Season
2021-02-17,Indonesia,,1243646,1047676.0,33788,2,2021,17,2,Workday,Asia,Wet Season
2021-02-18,Indonesia,,1252685,1058222.0,33969,2,2021,18,3,Workday,Asia,Wet Season
2021-02-19,Indonesia,,1263299,1069005.0,34152,2,2021,19,4,Workday,Asia,Wet Season
2021-02-20,Indonesia,,1271353,1078840.0,34316,2,2021,20,5,Weekend,Asia,Wet Season
2021-02-21,Indonesia,,1278653,1087076.0,34489,2,2021,21,6,Weekend,Asia,Wet Season
2021-02-22,Indonesia,,1288833,1096994.0,34691,2,2021,22,0,Workday,Asia,Wet Season
2021-02-23,Indonesia,,1298608,1104990.0,35014,2,2021,23,1,Workday,Asia,Wet Season
2021-02-24,Indonesia,,1306141,1112725.0,35254,2,2021,24,2,Workday,Asia,Wet Season
2021-02-25,Indonesia,,1314634,1121411.0,35518,2,2021,25,3,Workday,Asia,Wet Season
2021-02-26,Indonesia,,1322866,1128672.0,35786,2,2021,26,4,Workday,Asia,Wet Season
2021-02-27,Indonesia,,1329074,1136054.0,35981,2,2021,27,5,Weekend,Asia,Wet Season
2021-02-28,Indonesia,,1334634,1142703.0,36166,2,2021,28,6,Weekend,Asia,Wet Season
2021-03-01,Indonesia,,1341314,1151915.0,36325,3,2021,1,0,Workday,Asia,Wet Season
2021-03-02,Indonesia,,1347026,1160863.0,36518,3,2021,2,1,Workday,Asia,Wet Season
2021-03-03,Indonesia,,1353834,1169916.0,36721,3,2021,3,2,Workday,Asia,Wet Season
2021-03-04,Indonesia,,1361098,1176356.0,36897,3,2021,4,3,Workday,Asia,Wet Season
2021-03-05,Indonesia,,1368069,1182687.0,37026,3,2021,5,4,Workday,Asia,Wet Season
2021-03-06,Indonesia,,1373836,1189510.0,37154,3,2021,6,5,Weekend,Asia,Wet Season
2021-03-07,Indonesia,,1379662,1194656.0,37266,3,2021,7,6,Weekend,Asia,Wet Season
2021-03-08,Indonesia,,1386556,1203381.0,37547,3,2021,8,0,Workday,Asia,Wet Season
2021-03-09,Indonesia,,1392945,1210877.0,37757,3,2021,9,1,Workday,Asia,Wet Season
2021-03-10,Indonesia,,1398578,1216433.0,37932,3,2021,10,2,Workday,Asia,Wet Season
2021-03-11,Indonesia,,1403722,1224603.0,38049,3,2021,11,3,Workday,Asia,Wet Season
2021-03-12,Indonesia,,1410134,1231454.0,38229,3,2021,12,4,Workday,Asia,Wet Season
2021-03-13,Indonesia,,1414741,1237470.0,38329,3,2021,13,5,Weekend,Asia,Wet Season
2021-03-14,Indonesia,,1419455,1243117.0,38426,3,2021,14,6,Weekend,Asia,Wet Season
2021-03-15,Indonesia,,1425044,1249947.0,38573,3,2021,15,0,Workday,Asia,Wet Season
2021-03-16,Indonesia,,1430458,1257663.0,38753,3,2021,16,1,Workday,Asia,Wet Season
2021-03-17,Indonesia,,1437283,1266673.0,38915,3,2021,17,2,Workday,Asia,Wet Season
2021-03-18,Indonesia,,1443853,1272958.0,39142,3,2021,18,3,Workday,Asia,Wet Season
2021-03-19,Indonesia,,1450132,1278965.0,39339,3,2021,19,4,Workday,Asia,Wet Season
2021-03-20,Indonesia,,1455788,1284725.0,39447,3,2021,20,5,Weekend,Asia,Wet Season
2021-03-21,Indonesia,,1460184,1290790.0,39550,3,2021,21,6,Weekend,Asia,Wet Season
2021-03-22,Indonesia,,1465928,1297967.0,39711,3,2021,22,0,Workday,Asia,Wet Season
2021-03-23,Indonesia,,1471225,1304921.0,39865,3,2021,23,1,Workday,Asia,Wet Season
2021-03-24,Indonesia,,1476452,1312543.0,39983,3,2021,24,2,Workday,Asia,Wet Season
2021-03-25,Indonesia,,1482559,1317199.0,40081,3,2021,25,3,Workday,Asia,Wet Season
2021-03-26,Indonesia,,1487541,1322878.0,40166,3,2021,26,4,Workday,Asia,Wet Season
2021-03-27,Indonesia,,1492002,1327121.0,40364,3,2021,27,5,Weekend,Asia,Wet Season
2021-03-28,Indonesia,,1496085,1331400.0,40449,3,2021,28,6,Weekend,Asia,Wet Season
2021-03-29,Indonesia,,1501093,1336818.0,40581,3,2021,29,0,Workday,Asia,Wet Season
2021-03-30,Indonesia,,1505775,1342695.0,40754,3,2021,30,1,Workday,Asia,Wet Season
2021-03-31,Indonesia,,1511712,1348330.0,40858,3,2021,31,2,Workday,Asia,Wet Season
2021-04-01,Indonesia,,1517854,1355578.0,41054,4,2021,1,3,Workday,Asia,Dry Season
2021-04-02,Indonesia,,1523179,1361017.0,41151,4,2021,2,4,Workday,Asia,Dry Season
2021-04-03,Indonesia,,1527524,1366214.0,41242,4,2021,3,5,Weekend,Asia,Dry Season
2021-04-04,Indonesia,,1534255,1375877.0,41669,4,2021,4,6,Weekend,Asia,Dry Season
2021-04-05,Indonesia,,1537967,1381677.0,41815,4,2021,5,0,Workday,Asia,Dry Season
2021-04-06,Indonesia,,1542516,1385973.0,41977,4,2021,6,1,Workday,Asia,Dry Season
2021-04-07,Indonesia,,1547376,1391742.0,42064,4,2021,7,2,Workday,Asia,Dry Season
2021-04-08,Indonesia,,1552880,1399382.0,42227,4,2021,8,3,Workday,Asia,Dry Season
2021-04-09,Indonesia,,1558145,1405659.0,42348,4,2021,9,4,Workday,Asia,Dry Season
2021-04-10,Indonesia,,1562868,1409288.0,42443,4,2021,10,5,Weekend,Asia,Dry Season
2021-04-11,Indonesia,,1566995,1414507.0,42530,4,2021,11,6,Weekend,Asia,Dry Season
2021-04-12,Indonesia,,1571824,1419796.0,42656,4,2021,12,0,Workday,Asia,Dry Season
2021-04-13,Indonesia,,1577526,1426145.0,42782,4,2021,13,1,Workday,Asia,Dry Season
2021-04-14,Indonesia,,1583182,1431892.0,42906,4,2021,14,2,Workday,Asia,Dry Season
2021-04-15,Indonesia,,1589359,1438254.0,43073,4,2021,15,3,Workday,Asia,Dry Season
2021-04-16,Indonesia,,1594722,1444229.0,43196,4,2021,16,4,Workday,Asia,Dry Season
2021-04-17,Indonesia,,1599763,1450192.0,43328,4,2021,17,5,Weekend,Asia,Dry Season
2021-04-18,Indonesia,,1604348,1455065.0,43424,4,2021,18,6,Weekend,Asia,Dry Season
2021-04-19,Indonesia,,1609300,1461414.0,43567,4,2021,19,0,Workday,Asia,Dry Season
2021-04-20,Indonesia,,1614849,1468142.0,43777,4,2021,20,1,Workday,Asia,Dry Season
2021-04-21,Indonesia,,1620569,1475456.0,44007,4,2021,21,2,Workday,Asia,Dry Season
2021-04-22,Indonesia,,1626812,1481449.0,44172,4,2021,22,3,Workday,Asia,Dry Season
2021-04-23,Indonesia,,1632248,1487369.0,44346,4,2021,23,4,Workday,Asia,Dry Season
2021-04-24,Indonesia,,1636792,1492322.0,44500,4,2021,24,5,Weekend,Asia,Dry Season
2021-04-25,Indonesia,,1641194,1496126.0,44594,4,2021,25,6,Weekend,Asia,Dry Season
2021-04-26,Indonesia,,1647138,1501715.0,44771,4,2021,26,0,Workday,Asia,Dry Season
2021-04-27,Indonesia,,1651794,1506599.0,44939,4,2021,27,1,Workday,Asia,Dry Season
2021-04-28,Indonesia,,1657035,1511417.0,45116,4,2021,28,2,Workday,Asia,Dry Season
2021-04-29,Indonesia,,1662868,1517432.0,45334,4,2021,29,3,Workday,Asia,Dry Season
2021-04-30,Indonesia,,1668368,1522634.0,45521,4,2021,30,4,Workday,Asia,Dry Season
2021-05-01,Indonesia,,1672880,1526978.0,45652,5,2021,1,5,Weekend,Asia,Dry Season
2021-05-02,Indonesia,,1677274,1530718.0,45796,5,2021,2,6,Weekend,Asia,Dry Season
2021-05-03,Indonesia,,1682004,1535491.0,45949,5,2021,3,0,Workday,Asia,Dry Season
2021-05-04,Indonesia,,1686373,1541149.0,46137,5,2021,4,1,Workday,Asia,Dry Season
2021-05-05,Indonesia,,1691658,1547092.0,46349,5,2021,5,2,Workday,Asia,Dry Season
2021-05-06,Indonesia,,1697305,1552532.0,46496,5,2021,6,3,Workday,Asia,Dry Season
2021-05-07,Indonesia,,1703632,1558423.0,46663,5,2021,7,4,Workday,Asia,Dry Season
2021-05-08,Indonesia,,1709762,1563917.0,46842,5,2021,8,5,Weekend,Asia,Dry Season
2021-05-09,Indonesia,,1713684,1568277.0,47012,5,2021,9,6,Weekend,Asia,Dry Season
2021-05-10,Indonesia,,1718575,1574615.0,47218,5,2021,10,0,Workday,Asia,Dry Season
2021-05-11,Indonesia,,1723596,1580207.0,47465,5,2021,11,1,Workday,Asia,Dry Season
2021-05-12,Indonesia,,1728204,1584878.0,47617,5,2021,12,2,Workday,Asia,Dry Season
2021-05-13,Indonesia,,1731652,1589079.0,47716,5,2021,13,3,Workday,Asia,Dry Season
2021-05-14,Indonesia,,1734285,1592886.0,47823,5,2021,14,4,Workday,Asia,Dry Season
2021-05-15,Indonesia,,1736670,1597067.0,47967,5,2021,15,5,Weekend,Asia,Dry Season
2021-05-16,Indonesia,,1739750,1600857.0,48093,5,2021,16,6,Weekend,Asia,Dry Season
2021-05-17,Indonesia,,1744045,1606611.0,48305,5,2021,17,0,Workday,Asia,Dry Season
2021-05-18,Indonesia,,1748230,1612239.0,48477,5,2021,18,1,Workday,Asia,Dry Season
2021-05-19,Indonesia,,1753101,1616603.0,48669,5,2021,19,2,Workday,Asia,Dry Season
2021-05-20,Indonesia,,1758898,1621572.0,48887,5,2021,20,3,Workday,Asia,Dry Season
2021-05-21,Indonesia,,1764644,1626142.0,49073,5,2021,21,4,Workday,Asia,Dry Season
2021-05-22,Indonesia,,1769940,1629495.0,49205,5,2021,22,5,Weekend,Asia,Dry Season
2021-05-23,Indonesia,,1775220,1633045.0,49328,5,2021,23,6,Weekend,Asia,Dry Season
2021-05-24,Indonesia,,1781127,1638279.0,49455,5,2021,24,0,Workday,Asia,Dry Season
2021-05-25,Indonesia,,1786187,1642074.0,49627,5,2021,25,1,Workday,Asia,Dry Season
2021-05-26,Indonesia,,1791221,1645263.0,49771,5,2021,26,2,Workday,Asia,Dry Season
2021-05-27,Indonesia,,1797499,1649187.0,49907,5,2021,27,3,Workday,Asia,Dry Season
2021-05-28,Indonesia,,1803361,1654557.0,50100,5,2021,28,4,Workday,Asia,Dry Season
2021-05-29,Indonesia,,1809926,1659974.0,50262,5,2021,29,5,Weekend,Asia,Dry Season
2021-05-30,Indonesia,,1816041,1663998.0,50404,5,2021,30,6,Weekend,Asia,Dry Season
2021-05-31,Indonesia,,1821703,1669119.0,50578,5,2021,31,0,Workday,Asia,Dry Season
2021-06-01,Indonesia,,1826527,1674479.0,50723,6,2021,1,1,Workday,Asia,Dry Season
2021-06-02,Indonesia,,1831773,1680501.0,50908,6,2021,2,2,Workday,Asia,Dry Season
2021-06-03,Indonesia,,1837126,1691593.0,51095,6,2021,3,3,Workday,Asia,Dry Season
2021-06-04,Indonesia,,1843612,1697543.0,51296,6,2021,4,4,Workday,Asia,Dry Season
2021-06-05,Indonesia,,1850206,1701784.0,51449,6,2021,5,5,Weekend,Asia,Dry Season
2021-06-06,Indonesia,,1856038,1705971.0,51612,6,2021,6,6,Weekend,Asia,Dry Season
2021-06-07,Indonesia,,1863031,1711565.0,51803,6,2021,7,0,Workday,Asia,Dry Season
2021-06-08,Indonesia,,1869325,1717370.0,51992,6,2021,8,1,Workday,Asia,Dry Season
2021-06-09,Indonesia,,1877050,1723253.0,52162,6,2021,9,2,Workday,Asia,Dry Season
2021-06-10,Indonesia,,1885942,1728914.0,52373,6,2021,10,3,Workday,Asia,Dry Season
2021-06-11,Indonesia,,1894025,1735144.0,52566,6,2021,11,4,Workday,Asia,Dry Season
2021-06-12,Indonesia,,1901490,1740436.0,52730,6,2021,12,5,Weekend,Asia,Dry Season
2021-06-13,Indonesia,,1911358,1745091.0,52879,6,2021,13,6,Weekend,Asia,Dry Season
2021-06-14,Indonesia,,1919547,1751234.0,53116,6,2021,14,0,Workday,Asia,Dry Season
2021-06-15,Indonesia,,1927708,1757641.0,53280,6,2021,15,1,Workday,Asia,Dry Season
2021-06-16,Indonesia,,1937652,1763870.0,53476,6,2021,16,2,Workday,Asia,Dry Season
2021-06-17,Indonesia,,1950276,1771220.0,53753,6,2021,17,3,Workday,Asia,Dry Season
2021-06-18,Indonesia,,1963266,1779127.0,54043,6,2021,18,4,Workday,Asia,Dry Season
2021-06-19,Indonesia,,1976172,1786143.0,54291,6,2021,19,5,Weekend,Asia,Dry Season
2021-06-20,Indonesia,,1989909,1792528.0,54662,6,2021,20,6,Weekend,Asia,Dry Season
2021-06-21,Indonesia,,2004445,1801761.0,54956,6,2021,21,0,Workday,Asia,Dry Season
2021-06-22,Indonesia,,2018113,1810136.0,55291,6,2021,22,1,Workday,Asia,Dry Season
2021-06-23,Indonesia,,2033421,1817303.0,55594,6,2021,23,2,Workday,Asia,Dry Season
2021-06-24,Indonesia,,2053995,1826504.0,55949,6,2021,24,3,Workday,Asia,Dry Season
2021-06-25,Indonesia,,2072867,1835061.0,56371,6,2021,25,4,Workday,Asia,Dry Season
2021-06-26,Indonesia,,2093962,1842457.0,56729,6,2021,26,5,Weekend,Asia,Dry Season
2021-06-27,Indonesia,,2115304,1850481.0,57138,6,2021,27,6,Weekend,Asia,Dry Season
2021-06-28,Indonesia,,2135998,1859961.0,57561,6,2021,28,0,Workday,Asia,Dry Season
2021-06-29,Indonesia,,2156465,1869606.0,58024,6,2021,29,1,Workday,Asia,Dry Season
2021-06-30,Indonesia,,2178272,1880413.0,58491,6,2021,30,2,Workday,Asia,Dry Season
2021-07-01,Indonesia,,2203108,1890287.0,58995,7,2021,1,3,Workday,Asia,Dry Season
2021-07-02,Indonesia,,2228938,1901865.0,59534,7,2021,2,4,Workday,Asia,Dry Season
2021-07-03,Indonesia,,2256851,1915147.0,60027,7,2021,3,5,Weekend,Asia,Dry Season
2021-07-04,Indonesia,,2284084,1928274.0,60582,7,2021,4,6,Weekend,Asia,Dry Season
2021-07-05,Indonesia,,2313829,1942690.0,61140,7,2021,5,0,Workday,Asia,Dry Season
2021-07-06,Indonesia,,2345018,1958553.0,61868,7,2021,6,1,Workday,Asia,Dry Season
2021-07-07,Indonesia,,2379397,1973388.0,62908,7,2021,7,2,Workday,Asia,Dry Season
2021-07-08,Indonesia,,2417788,1994573.0,63760,7,2021,8,3,Workday,Asia,Dry Season
2021-07-09,Indonesia,,2455912,2023548.0,64631,7,2021,9,4,Workday,Asia,Dry Season
2021-07-10,Indonesia,,2491006,2052109.0,65457,7,2021,10,5,Weekend,Asia,Dry Season
2021-07-11,Indonesia,,2527203,2084724.0,66464,7,2021,11,6,Weekend,Asia,Dry Season
2021-07-12,Indonesia,,2567630,2119478.0,67355,7,2021,12,0,Workday,Asia,Dry Season
2021-07-13,Indonesia,,2615529,2139601.0,68219,7,2021,13,1,Workday,Asia,Dry Season
2021-07-14,Indonesia,,2670046,2157363.0,69210,7,2021,14,2,Workday,Asia,Dry Season
2021-07-15,Indonesia,,2726803,2176412.0,70192,7,2021,15,3,Workday,Asia,Dry Season
2021-07-16,Indonesia,,2780803,2204491.0,71397,7,2021,16,4,Workday,Asia,Dry Season
2021-07-17,Indonesia,,2832755,2232394.0,72489,7,2021,17,5,Weekend,Asia,Dry Season
2021-07-18,Indonesia,,2877476,2261658.0,73582,7,2021,18,6,Weekend,Asia,Dry Season
2021-07-19,Indonesia,,2911733,2293875.0,74920,7,2021,19,0,Workday,Asia,Dry Season
2021-07-20,Indonesia,,2950058,2323666.0,76200,7,2021,20,1,Workday,Asia,Dry Season
2021-07-21,Indonesia,,2983830,2356553.0,77583,7,2021,21,2,Workday,Asia,Dry Season
2021-07-22,Indonesia,,3033339,2392923.0,79032,7,2021,22,3,Workday,Asia,Dry Season
2021-07-23,Indonesia,,3082410,2431911.0,80598,7,2021,23,4,Workday,Asia,Dry Season
2021-07-24,Indonesia,,3127826,2471678.0,82013,7,2021,24,5,Weekend,Asia,Dry Season
2021-07-25,Indonesia,,3166505,2509318.0,83279,7,2021,25,6,Weekend,Asia,Dry Season
2021-07-26,Indonesia,,3194733,2549692.0,84766,7,2021,26,0,Workday,Asia,Dry Season
2021-07-27,Indonesia,,3239936,2596820.0,86835,7,2021,27,1,Workday,Asia,Dry Season
2021-07-28,Indonesia,,3287727,2640676.0,88659,7,2021,28,2,Workday,Asia,Dry Season
2021-07-29,Indonesia,,3331206,2686170.0,90552,7,2021,29,3,Workday,Asia,Dry Season
2021-07-30,Indonesia,,3372374,2730720.0,92311,7,2021,30,4,Workday,Asia,Dry Season
2021-07-31,Indonesia,,3409658,2770092.0,94119,7,2021,31,5,Weekend,Asia,Dry Season
2021-08-01,Indonesia,,3440396,2809538.0,95723,8,2021,1,6,Weekend,Asia,Dry Season
2021-08-02,Indonesia,,3462800,2842345.0,97291,8,2021,2,0,Workday,Asia,Dry Season
2021-08-03,Indonesia,,3496700,2873669.0,98889,8,2021,3,1,Workday,Asia,Dry Season
2021-08-04,Indonesia,,3532567,2907920.0,100636,8,2021,4,2,Workday,Asia,Dry Season
2021-08-05,Indonesia,,3568331,0.0,102375,8,2021,5,3,Workday,Asia,Dry Season
2021-08-06,Indonesia,,3607863,0.0,104010,8,2021,6,4,Workday,Asia,Dry Season
2021-08-07,Indonesia,,3639616,0.0,105598,8,2021,7,5,Weekend,Asia,Dry Season
2021-08-08,Indonesia,,3666031,0.0,107096,8,2021,8,6,Weekend,Asia,Dry Season
2021-08-09,Indonesia,,3686740,0.0,108571,8,2021,9,0,Workday,Asia,Dry Season
2021-08-10,Indonesia,,3718821,0.0,110619,8,2021,10,1,Workday,Asia,Dry Season
2021-08-11,Indonesia,,3749446,0.0,112198,8,2021,11,2,Workday,Asia,Dry Season
2021-08-12,Indonesia,,3774155,0.0,113664,8,2021,12,3,Workday,Asia,Dry Season
2021-08-13,Indonesia,,3804943,0.0,115096,8,2021,13,4,Workday,Asia,Dry Season
2021-08-14,Indonesia,,3833541,0.0,116366,8,2021,14,5,Weekend,Asia,Dry Season
2021-08-15,Indonesia,,3854354,0.0,117588,8,2021,15,6,Weekend,Asia,Dry Season
2021-08-16,Indonesia,,3871738,0.0,118833,8,2021,16,0,Workday,Asia,Dry Season
2021-08-17,Indonesia,,3892479,0.0,120013,8,2021,17,1,Workday,Asia,Dry Season
2021-08-18,Indonesia,,3908247,0.0,121141,8,2021,18,2,Workday,Asia,Dry Season
2021-08-19,Indonesia,,3930300,0.0,122633,8,2021,19,3,Workday,Asia,Dry Season
2021-08-20,Indonesia,,3950304,0.0,123981,8,2021,20,4,Workday,Asia,Dry Season
2021-08-21,Indonesia,,3967048,0.0,125342,8,2021,21,5,Weekend,Asia,Dry Season
2021-08-22,Indonesia,,3979456,0.0,126372,8,2021,22,6,Weekend,Asia,Dry Season
2021-08-23,Indonesia,,3989060,0.0,127214,8,2021,23,0,Workday,Asia,Dry Season
2021-08-24,Indonesia,,4008166,0.0,128252,8,2021,24,1,Workday,Asia,Dry Season
2021-08-25,Indonesia,,4026837,0.0,129293,8,2021,25,2,Workday,Asia,Dry Season
2021-08-26,Indonesia,,4043736,0.0,130182,8,2021,26,3,Workday,Asia,Dry Season
2021-08-27,Indonesia,,4056354,0.0,130781,8,2021,27,4,Workday,Asia,Dry Season
2021-08-28,Indonesia,,4066404,0.0,131372,8,2021,28,5,Weekend,Asia,Dry Season
2021-08-29,Indonesia,,4073831,0.0,131923,8,2021,29,6,Weekend,Asia,Dry Season
2021-08-30,Indonesia,,4079267,0.0,132491,8,2021,30,0,Workday,Asia,Dry Season
2021-08-31,Indonesia,,4089801,0.0,133023,8,2021,31,1,Workday,Asia,Dry Season
2021-09-01,Indonesia,,4100138,0.0,133676,9,2021,1,2,Workday,Asia,Dry Season
2021-09-02,Indonesia,,4100138,0.0,133676,9,2021,2,3,Workday,Asia,Dry Season
2021-09-03,Indonesia,,4116890,0.0,134930,9,2021,3,4,Workday,Asia,Dry Season
2021-09-04,Indonesia,,4123617,0.0,135469,9,2021,4,5,Weekend,Asia,Dry Season
2021-09-05,Indonesia,,4129020,0.0,135861,9,2021,5,6,Weekend,Asia,Dry Season
2021-09-06,Indonesia,,4133433,0.0,136473,9,2021,6,0,Workday,Asia,Dry Season
2021-09-07,Indonesia,,4140634,0.0,137156,9,2021,7,1,Workday,Asia,Dry Season
2021-09-08,Indonesia,,4147365,0.0,137782,9,2021,8,2,Workday,Asia,Dry Season
2021-09-09,Indonesia,,4153355,0.0,138116,9,2021,9,3,Workday,Asia,Dry Season
2021-09-10,Indonesia,,4158731,0.0,138431,9,2021,10,4,Workday,Asia,Dry Season
2021-09-11,Indonesia,,4163732,0.0,138701,9,2021,11,5,Weekend,Asia,Dry Season
2021-09-12,Indonesia,,4167511,0.0,138889,9,2021,12,6,Weekend,Asia,Dry Season
2021-09-13,Indonesia,,4170088,0.0,139165,9,2021,13,0,Workday,Asia,Dry Season
2021-09-14,Indonesia,,4174216,0.0,139415,9,2021,14,1,Workday,Asia,Dry Season
2021-09-15,Indonesia,,4178164,0.0,139682,9,2021,15,2,Workday,Asia,Dry Season
2021-09-16,Indonesia,,4181309,0.0,139919,9,2021,16,3,Workday,Asia,Dry Season
2021-09-17,Indonesia,,4185144,0.0,140138,9,2021,17,4,Workday,Asia,Dry Season
2021-09-18,Indonesia,,4188529,0.0,140323,9,2021,18,5,Weekend,Asia,Dry Season
2021-09-19,Indonesia,,4190763,0.0,140468,9,2021,19,6,Weekend,Asia,Dry Season
2021-09-20,Indonesia,,4192695,0.0,140634,9,2021,20,0,Workday,Asia,Dry Season
2021-09-21,Indonesia,,4195958,0.0,140805,9,2021,21,1,Workday,Asia,Dry Season
2021-09-22,Indonesia,,4198678,0.0,140954,9,2021,22,2,Workday,Asia,Dry Season
2021-09-23,Indonesia,,4201559,0.0,141114,9,2021,23,3,Workday,Asia,Dry Season
2021-09-24,Indonesia,,4204116,0.0,141258,9,2021,24,4,Workday,Asia,Dry Season
2021-09-25,Indonesia,,4206253,0.0,141381,9,2021,25,5,Weekend,Asia,Dry Season
2021-09-26,Indonesia,,4208013,0.0,141467,9,2021,26,6,Weekend,Asia,Dry Season
2021-09-27,Indonesia,,4209403,0.0,141585,9,2021,27,0,Workday,Asia,Dry Season
2021-09-28,Indonesia,,4211460,0.0,141709,9,2021,28,1,Workday,Asia,Dry Season
2021-09-29,Indonesia,,4213414,0.0,141826,9,2021,29,2,Workday,Asia,Dry Season
2021-09-30,Indonesia,,4215104,0.0,141939,9,2021,30,3,Workday,Asia,Dry Season
2021-10-01,Indonesia,,4216728,0.0,142026,10,2021,1,4,Workday,Asia,Wet Season
2021-10-02,Indonesia,,4218142,0.0,142115,10,2021,2,5,Weekend,Asia,Wet Season
2021-10-03,Indonesia,,4219284,0.0,142173,10,2021,3,6,Weekend,Asia,Wet Season
2021-10-04,Indonesia,,4220206,0.0,142261,10,2021,4,0,Workday,Asia,Wet Season
2021-10-05,Indonesia,,4221610,0.0,142338,10,2021,5,1,Workday,Asia,Wet Season
2021-10-06,Indonesia,,4223094,0.0,142413,10,2021,6,2,Workday,Asia,Wet Season
2021-10-07,Indonesia,,4224487,0.0,142494,10,2021,7,3,Workday,Asia,Wet Season
2021-10-08,Indonesia,,4225871,0.0,142560,10,2021,8,4,Workday,Asia,Wet Season
2021-10-09,Indonesia,,4227038,0.0,142612,10,2021,9,5,Weekend,Asia,Wet Season
2021-10-10,Indonesia,,4227932,0.0,142651,10,2021,10,6,Weekend,Asia,Wet Season
2021-10-11,Indonesia,,4228552,0.0,142716,10,2021,11,0,Workday,Asia,Wet Season
2021-10-12,Indonesia,,4229813,0.0,142763,10,2021,12,1,Workday,Asia,Wet Season
2021-10-13,Indonesia,,4231046,0.0,142811,10,2021,13,2,Workday,Asia,Wet Season
2021-10-14,Indonesia,,4232099,0.0,142848,10,2021,14,3,Workday,Asia,Wet Season
2021-10-15,Indonesia,,4233014,0.0,142889,10,2021,15,4,Workday,Asia,Wet Season
2021-10-16,Indonesia,,4234011,0.0,142933,10,2021,16,5,Weekend,Asia,Wet Season
2021-10-17,Indonesia,,4234758,0.0,142952,10,2021,17,6,Weekend,Asia,Wet Season
2021-10-18,Indonesia,,4235384,0.0,142999,10,2021,18,0,Workday,Asia,Wet Season
2021-10-19,Indonesia,,4236287,0.0,143049,10,2021,19,1,Workday,Asia,Wet Season
2021-10-20,Indonesia,,4237201,0.0,143077,10,2021,20,2,Workday,Asia,Wet Season
2021-10-21,Indonesia,,4237834,0.0,143120,10,2021,21,3,Workday,Asia,Wet Season
2021-10-22,Indonesia,,4238594,0.0,143153,10,2021,22,4,Workday,Asia,Wet Season
2021-10-23,Indonesia,,4239396,0.0,143176,10,2021,23,5,Weekend,Asia,Wet Season
2021-10-24,Indonesia,,4240019,0.0,143205,10,2021,24,6,Weekend,Asia,Wet Season
2021-10-25,Indonesia,,4240479,0.0,143235,10,2021,25,0,Workday,Asia,Wet Season
2021-10-26,Indonesia,,4241090,0.0,143270,10,2021,26,1,Workday,Asia,Wet Season
2021-10-27,Indonesia,,4241809,0.0,143299,10,2021,27,2,Workday,Asia,Wet Season
2021-10-28,Indonesia,,4242532,0.0,143333,10,2021,28,3,Workday,Asia,Wet Season
2021-10-29,Indonesia,,4243215,0.0,143361,10,2021,29,4,Workday,Asia,Wet Season
2021-10-30,Indonesia,,4243835,0.0,143388,10,2021,30,5,Weekend,Asia,Wet Season
2021-10-31,Indonesia,,4244358,0.0,143405,10,2021,31,6,Weekend,Asia,Wet Season
2021-11-01,Indonesia,,4244761,0.0,143423,11,2021,1,0,Workday,Asia,Wet Season
2021-11-02,Indonesia,,4245373,0.0,143457,11,2021,2,1,Workday,Asia,Wet Season
2021-11-03,Indonesia,,4246174,0.0,143481,11,2021,3,2,Workday,Asia,Wet Season
2021-11-04,Indonesia,,4246802,0.0,143500,11,2021,4,3,Workday,Asia,Wet Season
2021-11-05,Indonesia,,4247320,0.0,143519,11,2021,5,4,Workday,Asia,Wet Season
2021-11-06,Indonesia,,4247721,0.0,143534,11,2021,6,5,Weekend,Asia,Wet Season
2021-11-07,Indonesia,,4248165,0.0,143545,11,2021,7,6,Weekend,Asia,Wet Season
2021-11-08,Indonesia,,4248409,0.0,143557,11,2021,8,0,Workday,Asia,Wet Season
2021-11-09,Indonesia,,4248843,0.0,143578,11,2021,9,1,Workday,Asia,Wet Season
2021-11-10,Indonesia,,4249323,0.0,143592,11,2021,10,2,Workday,Asia,Wet Season
2021-11-11,Indonesia,,4249758,0.0,143608,11,2021,11,3,Workday,Asia,Wet Season
2021-11-12,Indonesia,,4250157,0.0,143628,11,2021,12,4,Workday,Asia,Wet Season
2021-11-13,Indonesia,,4250516,0.0,143644,11,2021,13,5,Weekend,Asia,Wet Season
2021-11-14,Indonesia,,4250855,0.0,143659,11,2021,14,6,Weekend,Asia,Wet Season
2021-11-15,Indonesia,,4251076,0.0,143670,11,2021,15,0,Workday,Asia,Wet Season
2021-11-16,Indonesia,,4251423,0.0,143685,11,2021,16,1,Workday,Asia,Wet Season
2021-11-17,Indonesia,,4251945,0.0,143698,11,2021,17,2,Workday,Asia,Wet Season
2021-11-18,Indonesia,,4252345,0.0,143709,11,2021,18,3,Workday,Asia,Wet Season
2021-11-19,Indonesia,,4252705,0.0,143714,11,2021,19,4,Workday,Asia,Wet Season
2021-11-20,Indonesia,,4253098,0.0,143728,11,2021,20,5,Weekend,Asia,Wet Season
2021-11-21,Indonesia,,4253412,0.0,143739,11,2021,21,6,Weekend,Asia,Wet Season
2021-11-22,Indonesia,,4253598,0.0,143744,11,2021,22,0,Workday,Asia,Wet Season
2021-11-23,Indonesia,,4253992,0.0,143753,11,2021,23,1,Workday,Asia,Wet Season
2021-11-24,Indonesia,,4254443,0.0,143766,11,2021,24,2,Workday,Asia,Wet Season
2021-11-25,Indonesia,,4254815,0.0,143782,11,2021,25,3,Workday,Asia,Wet Season
2021-11-26,Indonesia,,4255268,0.0,143796,11,2021,26,4,Workday,Asia,Wet Season
2021-11-27,Indonesia,,4255672,0.0,143807,11,2021,27,5,Weekend,Asia,Wet Season
2021-11-28,Indonesia,,4255936,0.0,143808,11,2021,28,6,Weekend,Asia,Wet Season
2021-11-29,Indonesia,,4256112,0.0,143819,11,2021,29,0,Workday,Asia,Wet Season
2021-11-30,Indonesia,,4256409,0.0,143830,11,2021,30,1,Workday,Asia,Wet Season
2021-12-01,Indonesia,,4256687,0.0,143840,12,2021,1,2,Workday,Asia,Wet Season
2021-12-02,Indonesia,,4256998,0.0,143850,12,2021,2,3,Workday,Asia,Wet Season
2021-12-03,Indonesia,,4257243,0.0,143858,12,2021,3,4,Workday,Asia,Wet Season
2021-12-04,Indonesia,,4257489,0.0,143863,12,2021,4,5,Weekend,Asia,Wet Season
2021-12-05,Indonesia,,4257685,0.0,143867,12,2021,5,6,Weekend,Asia,Wet Season
2021-12-06,Indonesia,,4257815,0.0,143876,12,2021,6,0,Workday,Asia,Wet Season
2021-12-07,Indonesia,,4258076,0.0,143893,12,2021,7,1,Workday,Asia,Wet Season
2021-12-08,Indonesia,,4258340,0.0,143909,12,2021,8,2,Workday,Asia,Wet Season
2021-12-09,Indonesia,,4258560,0.0,143918,12,2021,9,3,Workday,Asia,Wet Season
2021-12-10,Indonesia,,4258752,0.0,143923,12,2021,10,4,Workday,Asia,Wet Season
2021-12-11,Indonesia,,4258980,0.0,143929,12,2021,11,5,Weekend,Asia,Wet Season
2021-12-12,Indonesia,,4259143,0.0,143936,12,2021,12,6,Weekend,Asia,Wet Season
2021-12-13,Indonesia,,4259249,0.0,143948,12,2021,13,0,Workday,Asia,Wet Season
2021-12-14,Indonesia,,4259439,0.0,143960,12,2021,14,1,Workday,Asia,Wet Season
2021-12-15,Indonesia,,4259644,0.0,143969,12,2021,15,2,Workday,Asia,Wet Season
2021-12-16,Indonesia,,4259857,0.0,143979,12,2021,16,3,Workday,Asia,Wet Season
2021-12-17,Indonesia,,4260148,0.0,143986,12,2021,17,4,Workday,Asia,Wet Season
2021-12-18,Indonesia,,4260380,0.0,143998,12,2021,18,5,Weekend,Asia,Wet Season
2021-12-19,Indonesia,,4260544,0.0,144002,12,2021,19,6,Weekend,Asia,Wet Season
2021-12-20,Indonesia,,4260677,0.0,144013,12,2021,20,0,Workday,Asia,Wet Season
2021-12-21,Indonesia,,4260893,0.0,144024,12,2021,21,1,Workday,Asia,Wet Season
2021-12-22,Indonesia,,4261072,0.0,144034,12,2021,22,2,Workday,Asia,Wet Season
2021-12-23,Indonesia,,4261208,0.0,144042,12,2021,23,3,Workday,Asia,Wet Season
2021-12-24,Indonesia,,4261412,0.0,144047,12,2021,24,4,Workday,Asia,Wet Season
2021-12-25,Indonesia,,4261667,0.0,144053,12,2021,25,5,Weekend,Asia,Wet Season
2021-12-26,Indonesia,,4261667,0.0,144053,12,2021,26,6,Weekend,Asia,Wet Season
2021-12-27,Indonesia,,4261879,0.0,144063,12,2021,27,0,Workday,Asia,Wet Season
2021-12-28,Indonesia,,4262157,0.0,144071,12,2021,28,1,Workday,Asia,Wet Season
2021-12-29,Indonesia,,4262351,0.0,144081,12,2021,29,2,Workday,Asia,Wet Season
2021-12-30,Indonesia,,4262540,0.0,144088,12,2021,30,3,Workday,Asia,Wet Season
2021-12-31,Indonesia,,4262720,0.0,144094,12,2021,31,4,Workday,Asia,Wet Season
2022-01-01,Indonesia,,4262994,0.0,144096,1,2022,1,5,Weekend,Asia,Wet Season
2022-01-02,Indonesia,,4263168,0.0,144097,1,2022,2,6,Weekend,Asia,Wet Season
2022-01-03,Indonesia,,4263433,0.0,144102,1,2022,3,0,Workday,Asia,Wet Season
2022-01-04,Indonesia,,4263732,0.0,144105,1,2022,4,1,Workday,Asia,Wet Season
2022-01-05,Indonesia,,4264136,0.0,144109,1,2022,5,2,Workday,Asia,Wet Season
2022-01-06,Indonesia,,4264669,0.0,144116,1,2022,6,3,Workday,Asia,Wet Season
2022-01-07,Indonesia,,4265187,0.0,144121,1,2022,7,4,Workday,Asia,Wet Season
2022-01-08,Indonesia,,4265666,0.0,144127,1,2022,8,5,Weekend,Asia,Wet Season
2022-01-09,Indonesia,,4266195,0.0,144129,1,2022,9,6,Weekend,Asia,Wet Season
2022-01-10,Indonesia,,4266649,0.0,144136,1,2022,10,0,Workday,Asia,Wet Season
2022-01-11,Indonesia,,4267451,0.0,144144,1,2022,11,1,Workday,Asia,Wet Season
2022-01-12,Indonesia,,4268097,0.0,144150,1,2022,12,2,Workday,Asia,Wet Season
2022-01-13,Indonesia,,4268890,0.0,144155,1,2022,13,3,Workday,Asia,Wet Season
2022-01-14,Indonesia,,4269740,0.0,144163,1,2022,14,4,Workday,Asia,Wet Season
2022-01-15,Indonesia,,4270794,0.0,144167,1,2022,15,5,Weekend,Asia,Wet Season
2022-01-16,Indonesia,,4271649,0.0,144170,1,2022,16,6,Weekend,Asia,Wet Season
2022-01-17,Indonesia,,4272421,0.0,144174,1,2022,17,0,Workday,Asia,Wet Season
2022-01-18,Indonesia,,4273783,0.0,144183,1,2022,18,1,Workday,Asia,Wet Season
2022-01-19,Indonesia,,4275528,0.0,144192,1,2022,19,2,Workday,Asia,Wet Season
2022-01-20,Indonesia,,4277644,0.0,144199,1,2022,20,3,Workday,Asia,Wet Season
2022-01-21,Indonesia,,4280248,0.0,144201,1,2022,21,4,Workday,Asia,Wet Season
2022-01-22,Indonesia,,4283453,0.0,144206,1,2022,22,5,Weekend,Asia,Wet Season
2022-01-23,Indonesia,,4286378,0.0,144220,1,2022,23,6,Weekend,Asia,Wet Season
2022-01-24,Indonesia,,4289305,0.0,144227,1,2022,24,0,Workday,Asia,Wet Season
2022-01-25,Indonesia,,4294183,0.0,144247,1,2022,25,1,Workday,Asia,Wet Season
2022-01-26,Indonesia,,4301193,0.0,144254,1,2022,26,2,Workday,Asia,Wet Season
2022-01-27,Indonesia,,4309270,0.0,144261,1,2022,27,3,Workday,Asia,Wet Season
2022-01-28,Indonesia,,4319175,0.0,144268,1,2022,28,4,Workday,Asia,Wet Season
2022-01-29,Indonesia,,4330763,0.0,144285,1,2022,29,5,Weekend,Asia,Wet Season
2022-01-30,Indonesia,,4343185,0.0,144303,1,2022,30,6,Weekend,Asia,Wet Season
2022-01-31,Indonesia,,4353370,0.0,144320,1,2022,31,0,Workday,Asia,Wet Season
2022-02-01,Indonesia,,4369391,0.0,144348,2,2022,1,1,Workday,Asia,Wet Season
2022-02-02,Indonesia,,4387286,0.0,144373,2,2022,2,2,Workday,Asia,Wet Season
2022-02-03,Indonesia,,4414483,0.0,144411,2,2022,3,3,Workday,Asia,Wet Season
2022-02-04,Indonesia,,4446694,0.0,144453,2,2022,4,4,Workday,Asia,Wet Season
2022-02-05,Indonesia,,4480423,0.0,144497,2,2022,5,5,Weekend,Asia,Wet Season
2022-02-06,Indonesia,,4516480,0.0,144554,2,2022,6,6,Weekend,Asia,Wet Season
2022-02-07,Indonesia,,4542601,0.0,144636,2,2022,7,0,Workday,Asia,Wet Season
2022-02-08,Indonesia,,4580093,0.0,144719,2,2022,8,1,Workday,Asia,Wet Season
2022-02-09,Indonesia,,4626936,0.0,144784,2,2022,9,2,Workday,Asia,Wet Season
2022-02-10,Indonesia,,4667554,0.0,144858,2,2022,10,3,Workday,Asia,Wet Season
2022-02-11,Indonesia,,4708043,0.0,144958,2,2022,11,4,Workday,Asia,Wet Season
2022-02-12,Indonesia,,4763252,0.0,145065,2,2022,12,5,Weekend,Asia,Wet Season
2022-02-13,Indonesia,,4807778,0.0,145176,2,2022,13,6,Weekend,Asia,Wet Season
2022-02-14,Indonesia,,4844279,0.0,145321,2,2022,14,0,Workday,Asia,Wet Season
2022-02-15,Indonesia,,4901328,0.0,145455,2,2022,15,1,Workday,Asia,Wet Season
2022-02-16,Indonesia,,4966046,0.0,145622,2,2022,16,2,Workday,Asia,Wet Season
2022-02-17,Indonesia,,5030002,0.0,145828,2,2022,17,3,Workday,Asia,Wet Season
2022-02-18,Indonesia,,5089637,0.0,146044,2,2022,18,4,Workday,Asia,Wet Season
2022-02-19,Indonesia,,5149021,0.0,146202,2,2022,19,5,Weekend,Asia,Wet Season
2022-02-20,Indonesia,,5197505,0.0,146365,2,2022,20,6,Weekend,Asia,Wet Season
2022-02-21,Indonesia,,5231923,0.0,146541,2,2022,21,0,Workday,Asia,Wet Season
2022-02-22,Indonesia,,5289414,0.0,146798,2,2022,22,1,Workday,Asia,Wet Season
2022-02-23,Indonesia,,5350902,0.0,147025,2,2022,23,2,Workday,Asia,Wet Season
2022-02-24,Indonesia,,5408328,0.0,147342,2,2022,24,3,Workday,Asia,Wet Season
2022-02-25,Indonesia,,5457775,0.0,147586,2,2022,25,4,Workday,Asia,Wet Season
2022-02-26,Indonesia,,5504418,0.0,147844,2,2022,26,5,Weekend,Asia,Wet Season
2022-02-27,Indonesia,,5539394,0.0,148073,2,2022,27,6,Weekend,Asia,Wet Season
2022-02-28,Indonesia,,5564448,0.0,148335,2,2022,28,0,Workday,Asia,Wet Season
2022-03-01,Indonesia,,5589176,0.0,148660,3,2022,1,1,Workday,Asia,Wet Season
2022-03-02,Indonesia,,5630096,0.0,149036,3,2022,2,2,Workday,Asia,Wet Season
2022-03-03,Indonesia,,5667355,0.0,149268,3,2022,3,3,Workday,Asia,Wet Season
2022-03-04,Indonesia,,5693702,0.0,149596,3,2022,4,4,Workday,Asia,Wet Season
2022-03-05,Indonesia,,5723858,0.0,149918,3,2022,5,5,Weekend,Asia,Wet Season
2022-03-06,Indonesia,,5748725,0.0,150172,3,2022,6,6,Weekend,Asia,Wet Season
2022-03-07,Indonesia,,5770105,0.0,150430,3,2022,7,0,Workday,Asia,Wet Season
2022-03-08,Indonesia,,5800253,0.0,150831,3,2022,8,1,Workday,Asia,Wet Season
2022-03-09,Indonesia,,5826589,0.0,151135,3,2022,9,2,Workday,Asia,Wet Season
2022-03-10,Indonesia,,5847900,0.0,151413,3,2022,10,3,Workday,Asia,Wet Season
2022-03-11,Indonesia,,5864010,0.0,151703,3,2022,11,4,Workday,Asia,Wet Season
2022-03-12,Indonesia,,5878910,0.0,151951,3,2022,12,5,Weekend,Asia,Wet Season
2022-03-13,Indonesia,,5890495,0.0,152166,3,2022,13,6,Weekend,Asia,Wet Season
2022-03-14,Indonesia,,5900124,0.0,152437,3,2022,14,0,Workday,Asia,Wet Season
2022-03-15,Indonesia,,5914532,0.0,152745,3,2022,15,1,Workday,Asia,Wet Season
2022-03-16,Indonesia,,5927550,0.0,152975,3,2022,16,2,Workday,Asia,Wet Season
2022-03-17,Indonesia,,5939082,0.0,153212,3,2022,17,3,Workday,Asia,Wet Season
2022-03-18,Indonesia,,5948610,0.0,153411,3,2022,18,4,Workday,Asia,Wet Season
2022-03-19,Indonesia,,5956561,0.0,153599,3,2022,19,5,Weekend,Asia,Wet Season
2022-03-20,Indonesia,,5962483,0.0,153738,3,2022,20,6,Weekend,Asia,Wet Season
2022-03-21,Indonesia,,5967182,0.0,153892,3,2022,21,0,Workday,Asia,Wet Season
2022-03-22,Indonesia,,5974646,0.0,154062,3,2022,22,1,Workday,Asia,Wet Season
2022-03-23,Indonesia,,5981022,0.0,154221,3,2022,23,2,Workday,Asia,Wet Season
2022-03-24,Indonesia,,5986830,0.0,154343,3,2022,24,3,Workday,Asia,Wet Season
2022-03-25,Indonesia,,5986830,0.0,154343,3,2022,25,4,Workday,Asia,Wet Season
2022-03-26,Indonesia,,5986830,0.0,154343,3,2022,26,5,Weekend,Asia,Wet Season
2022-03-27,Indonesia,,5995876,0.0,154570,3,2022,27,6,Weekend,Asia,Wet Season
2022-03-28,Indonesia,,6001751,0.0,154774,3,2022,28,0,Workday,Asia,Wet Season
2022-03-29,Indonesia,,6005646,0.0,154882,3,2022,29,1,Workday,Asia,Wet Season
2022-03-30,Indonesia,,6009486,0.0,155000,3,2022,30,2,Workday,Asia,Wet Season
2022-03-31,Indonesia,,6012818,0.0,155089,3,2022,31,3,Workday,Asia,Wet Season
2022-04-01,Indonesia,,6015748,0.0,155164,4,2022,1,4,Workday,Asia,Dry Season
2022-04-02,Indonesia,,6015748,0.0,155164,4,2022,2,5,Weekend,Asia,Dry Season
2022-04-03,Indonesia,,6015748,0.0,155164,4,2022,3,6,Weekend,Asia,Dry Season
2022-04-04,Indonesia,,6015748,0.0,155164,4,2022,4,0,Workday,Asia,Dry Season
2022-04-05,Indonesia,,6023924,0.0,155421,4,2022,5,1,Workday,Asia,Dry Season
2022-04-06,Indonesia,,6026324,0.0,155464,4,2022,6,2,Workday,Asia,Dry Season
2022-04-07,Indonesia,,6028413,0.0,155509,4,2022,7,3,Workday,Asia,Dry Season
2022-04-08,Indonesia,,6030168,0.0,155556,4,2022,8,4,Workday,Asia,Dry Season
2022-04-09,Indonesia,,6031636,0.0,155597,4,2022,9,5,Weekend,Asia,Dry Season
2022-04-10,Indonesia,,6032707,0.0,155626,4,2022,10,6,Weekend,Asia,Dry Season
2022-04-11,Indonesia,,6033903,0.0,155674,4,2022,11,0,Workday,Asia,Dry Season
2022-04-12,Indonesia,,6035358,0.0,155717,4,2022,12,1,Workday,Asia,Dry Season
2022-04-13,Indonesia,,6036909,0.0,155746,4,2022,13,2,Workday,Asia,Dry Season
2022-04-14,Indonesia,,6037742,0.0,155794,4,2022,14,3,Workday,Asia,Dry Season
2022-04-15,Indonesia,,6038664,0.0,155820,4,2022,15,4,Workday,Asia,Dry Season
2022-04-16,Indonesia,,6039266,0.0,155844,4,2022,16,5,Weekend,Asia,Dry Season
